Entity,Year,Annual CO2 Emissions
Africa,1750,0
Africa,1751,0
Africa,1752,0
Africa,1753,0
Africa,1754,0
Africa,1755,0
Africa,1756,0
Africa,1757,0
Africa,1758,0
Africa,1759,0
Africa,1760,0
Africa,1761,0
Africa,1762,0
Africa,1763,0
Africa,1764,0
Africa,1765,0
Africa,1766,0
Africa,1767,0
Africa,1768,0
Africa,1769,0
Africa,1770,0
Africa,1771,0
Africa,1772,0
Africa,1773,0
Africa,1774,0
Africa,1775,0
Africa,1776,0
Africa,1777,0
Africa,1778,0
Africa,1779,0
Africa,1780,0
Africa,1781,0
Africa,1782,0
Africa,1783,0
Africa,1784,0
Africa,1785,0
Africa,1786,0
Africa,1787,0
Africa,1788,0
Africa,1789,0
Africa,1790,0
Africa,1791,0
Africa,1792,0
Africa,1793,0
Africa,1794,0
Africa,1795,0
Africa,1796,0
Africa,1797,0
Africa,1798,0
Africa,1799,0
Africa,1800,0
Africa,1801,0
Africa,1802,0
Africa,1803,0
Africa,1804,0
Africa,1805,0
Africa,1806,0
Africa,1807,0
Africa,1808,0
Africa,1809,0
Africa,1810,0
Africa,1811,0
Africa,1812,0
Africa,1813,0
Africa,1814,0
Africa,1815,0
Africa,1816,0
Africa,1817,0
Africa,1818,0
Africa,1819,0
Africa,1820,0
Africa,1821,0
Africa,1822,0
Africa,1823,0
Africa,1824,0
Africa,1825,0
Africa,1826,0
Africa,1827,0
Africa,1828,0
Africa,1829,0
Africa,1830,0
Africa,1831,0
Africa,1832,0
Africa,1833,0
Africa,1834,0
Africa,1835,0
Africa,1836,0
Africa,1837,0
Africa,1838,0
Africa,1839,0
Africa,1840,0
Africa,1841,0
Africa,1842,0
Africa,1843,0
Africa,1844,0
Africa,1845,0
Africa,1846,0
Africa,1847,0
Africa,1848,0
Africa,1849,0
Africa,1850,0
Africa,1851,0
Africa,1852,0
Africa,1853,0
Africa,1854,0
Africa,1855,0
Africa,1856,0
Africa,1857,0
Africa,1858,0
Africa,1859,0
Africa,1860,0
Africa,1861,0
Africa,1862,0
Africa,1863,0
Africa,1864,0
Africa,1865,0
Africa,1866,0
Africa,1867,0
Africa,1868,0
Africa,1869,0
Africa,1870,0
Africa,1871,0
Africa,1872,0
Africa,1873,0
Africa,1874,0
Africa,1875,0
Africa,1876,0
Africa,1877,0
Africa,1878,0
Africa,1879,0
Africa,1880,0
Africa,1881,0
Africa,1882,0
Africa,1883,0
Africa,1884,21984
Africa,1885,36640
Africa,1886,47632
Africa,1887,47632
Africa,1888,80608
Africa,1889,131904
Africa,1890,296784
Africa,1891,296784
Africa,1892,479984
Africa,1893,1799024
Africa,1894,2432896
Africa,1895,3337904
Africa,1896,4257568
Africa,1897,4777856
Africa,1898,6049264
Africa,1899,5517984
Africa,1900,2330304
Africa,1901,3909488
Africa,1902,5825760
Africa,1903,7895920
Africa,1904,8910848
Africa,1905,10262864
Africa,1906,11717472
Africa,1907,12930256
Africa,1908,13402912
Africa,1909,15385136
Africa,1910,17411328
Africa,1911,16865392
Africa,1912,17953600
Africa,1913,19606064
Africa,1914,19551104
Africa,1915,19606064
Africa,1916,23255408
Africa,1917,25343888
Africa,1918,24724672
Africa,1919,25442816
Africa,1920,28051584
Africa,1921,27985632
Africa,1922,23969888
Africa,1923,29044528
Africa,1924,30631040
Africa,1925,32184576
Africa,1926,34437936
Africa,1927,33840704
Africa,1928,34770320
Africa,1929,35801616
Africa,1930,33695670
Africa,1931,29463712
Africa,1932,26622752
Africa,1933,28491132
Africa,1934,32539280
Africa,1935,35909544
Africa,1936,39015950
Africa,1937,41844264
Africa,1938,44013164
Africa,1939,46852930
Africa,1940,49649184
Africa,1941,54023456
Africa,1942,58822884
Africa,1943,60119628
Africa,1944,66632910
Africa,1945,67527180
Africa,1946,68159370
Africa,1947,67934744
Africa,1948,71733140
Africa,1949,77323530
Africa,1950,93452170
Africa,1951,99862080
Africa,1952,108882370
Africa,1953,110796130
Africa,1954,116156920
Africa,1955,128058296
Africa,1956,133509440
Africa,1957,139953090
Africa,1958,148304510
Africa,1959,147910850
Africa,1960,156640450
Africa,1961,162078600
Africa,1962,166426480
Africa,1963,176448430
Africa,1964,193763900
Africa,1965,213784600
Africa,1966,221261600
Africa,1967,237257680
Africa,1968,257600220
Africa,1969,278139500
Africa,1970,302942700
Africa,1971,332203940
Africa,1972,352238850
Africa,1973,378421020
Africa,1974,388864800
Africa,1975,387828830
Africa,1976,420856770
Africa,1977,433844580
Africa,1978,463266720
Africa,1979,499991800
Africa,1980,536490200
Africa,1981,549365200
Africa,1982,572576960
Africa,1983,595413200
Africa,1984,650254140
Africa,1985,666655200
Africa,1986,690670600
Africa,1987,690763200
Africa,1988,726006600
Africa,1989,699179460
Africa,1990,659297200
Africa,1991,688953700
Africa,1992,668606100
Africa,1993,708741060
Africa,1994,719465300
Africa,1995,771882300
Africa,1996,783331900
Africa,1997,812606300
Africa,1998,837844000
Africa,1999,830411140
Africa,2000,886403400
Africa,2001,883999940
Africa,2002,892558700
Africa,2003,967169860
Africa,2004,1036636900
Africa,2005,1057360960
Africa,2006,1090145000
Africa,2007,1132287500
Africa,2008,1181174800
Africa,2009,1171780000
Africa,2010,1214749200
Africa,2011,1251306000
Africa,2012,1259536900
Africa,2013,1268892300
Africa,2014,1350089200
Africa,2015,1323759000
Africa,2016,1363459100
Africa,2017,1379490000
Africa,2018,1366411000
Africa,2019,1467491800
Africa,2020,1385889400
Africa,2021,1450796300
Asia (excl. China and India),1750,0
Asia (excl. China and India),1751,0
Asia (excl. China and India),1752,0
Asia (excl. China and India),1753,0
Asia (excl. China and India),1754,0
Asia (excl. China and India),1755,0
Asia (excl. China and India),1756,0
Asia (excl. China and India),1757,0
Asia (excl. China and India),1758,0
Asia (excl. China and India),1759,0
Asia (excl. China and India),1760,0
Asia (excl. China and India),1761,0
Asia (excl. China and India),1762,0
Asia (excl. China and India),1763,0
Asia (excl. China and India),1764,0
Asia (excl. China and India),1765,0
Asia (excl. China and India),1766,0
Asia (excl. China and India),1767,0
Asia (excl. China and India),1768,0
Asia (excl. China and India),1769,0
Asia (excl. China and India),1770,0
Asia (excl. China and India),1771,0
Asia (excl. China and India),1772,0
Asia (excl. China and India),1773,0
Asia (excl. China and India),1774,0
Asia (excl. China and India),1775,0
Asia (excl. China and India),1776,0
Asia (excl. China and India),1777,0
Asia (excl. China and India),1778,0
Asia (excl. China and India),1779,0
Asia (excl. China and India),1780,0
Asia (excl. China and India),1781,0
Asia (excl. China and India),1782,0
Asia (excl. China and India),1783,0
Asia (excl. China and India),1784,0
Asia (excl. China and India),1785,0
Asia (excl. China and India),1786,0
Asia (excl. China and India),1787,0
Asia (excl. China and India),1788,0
Asia (excl. China and India),1789,0
Asia (excl. China and India),1790,0
Asia (excl. China and India),1791,0
Asia (excl. China and India),1792,0
Asia (excl. China and India),1793,0
Asia (excl. China and India),1794,0
Asia (excl. China and India),1795,0
Asia (excl. China and India),1796,0
Asia (excl. China and India),1797,0
Asia (excl. China and India),1798,0
Asia (excl. China and India),1799,0
Asia (excl. China and India),1800,0
Asia (excl. China and India),1801,0
Asia (excl. China and India),1802,0
Asia (excl. China and India),1803,0
Asia (excl. China and India),1804,0
Asia (excl. China and India),1805,0
Asia (excl. China and India),1806,0
Asia (excl. China and India),1807,0
Asia (excl. China and India),1808,0
Asia (excl. China and India),1809,0
Asia (excl. China and India),1810,0
Asia (excl. China and India),1811,0
Asia (excl. China and India),1812,0
Asia (excl. China and India),1813,0
Asia (excl. China and India),1814,0
Asia (excl. China and India),1815,0
Asia (excl. China and India),1816,0
Asia (excl. China and India),1817,0
Asia (excl. China and India),1818,0
Asia (excl. China and India),1819,0
Asia (excl. China and India),1820,0
Asia (excl. China and India),1821,0
Asia (excl. China and India),1822,0
Asia (excl. China and India),1823,0
Asia (excl. China and India),1824,0
Asia (excl. China and India),1825,0
Asia (excl. China and India),1826,0
Asia (excl. China and India),1827,0
Asia (excl. China and India),1828,0
Asia (excl. China and India),1829,0
Asia (excl. China and India),1830,2371
Asia (excl. China and India),1831,2846
Asia (excl. China and India),1832,1896
Asia (excl. China and India),1833,2371
Asia (excl. China and India),1834,0
Asia (excl. China and India),1835,0
Asia (excl. China and India),1836,0
Asia (excl. China and India),1837,0
Asia (excl. China and India),1838,0
Asia (excl. China and India),1839,0
Asia (excl. China and India),1840,0
Asia (excl. China and India),1841,0
Asia (excl. China and India),1842,0
Asia (excl. China and India),1843,0
Asia (excl. China and India),1844,0
Asia (excl. China and India),1845,0
Asia (excl. China and India),1846,0
Asia (excl. China and India),1847,0
Asia (excl. China and India),1848,0
Asia (excl. China and India),1849,0
Asia (excl. China and India),1850,14707
Asia (excl. China and India),1851,0
Asia (excl. China and India),1852,0
Asia (excl. China and India),1853,0
Asia (excl. China and India),1854,0
Asia (excl. China and India),1855,44595
Asia (excl. China and India),1856,0
Asia (excl. China and India),1857,0
Asia (excl. China and India),1858,62623
Asia (excl. China and India),1859,66418
Asia (excl. China and India),1860,87767
Asia (excl. China and India),1861,111488
Asia (excl. China and India),1862,100575
Asia (excl. China and India),1863,105321
Asia (excl. China and India),1864,118129
Asia (excl. China and India),1865,263133
Asia (excl. China and India),1866,565606
Asia (excl. China and India),1867,636588
Asia (excl. China and India),1868,527492
Asia (excl. China and India),1869,747871
Asia (excl. China and India),1870,677327
Asia (excl. China and India),1871,900492
Asia (excl. China and India),1872,973476
Asia (excl. China and India),1873,930782
Asia (excl. China and India),1874,1634514
Asia (excl. China and India),1875,2703044
Asia (excl. China and India),1876,2809587
Asia (excl. China and India),1877,2891457
Asia (excl. China and India),1878,3692852
Asia (excl. China and India),1879,3988706
Asia (excl. China and India),1880,4304383
Asia (excl. China and India),1881,4511082
Asia (excl. China and India),1882,4682697
Asia (excl. China and India),1883,5166361
Asia (excl. China and India),1884,5461612
Asia (excl. China and India),1885,6079774
Asia (excl. China and India),1886,6342624
Asia (excl. China and India),1887,7472250
Asia (excl. China and India),1888,8308997
Asia (excl. China and India),1889,9762390
Asia (excl. China and India),1890,10656879
Asia (excl. China and India),1891,12433372
Asia (excl. China and India),1892,13029958
Asia (excl. China and India),1893,14873738
Asia (excl. China and India),1894,17135204
Asia (excl. China and India),1895,19274068
Asia (excl. China and India),1896,20426686
Asia (excl. China and India),1897,22239196
Asia (excl. China and India),1898,27369560
Asia (excl. China and India),1899,28600036
Asia (excl. China and India),1900,32079578
Asia (excl. China and India),1901,37190220
Asia (excl. China and India),1902,37896544
Asia (excl. China and India),1903,40265360
Asia (excl. China and India),1904,45352068
Asia (excl. China and India),1905,46077424
Asia (excl. China and India),1906,50738332
Asia (excl. China and India),1907,55537292
Asia (excl. China and India),1908,58347830
Asia (excl. China and India),1909,60817676
Asia (excl. China and India),1910,62286684
Asia (excl. China and India),1911,68351840
Asia (excl. China and India),1912,74229270
Asia (excl. China and India),1913,81650530
Asia (excl. China and India),1914,84461600
Asia (excl. China and India),1915,78099890
Asia (excl. China and India),1916,86256230
Asia (excl. China and India),1917,94955190
Asia (excl. China and India),1918,92771990
Asia (excl. China and India),1919,102589736
Asia (excl. China and India),1920,100284920
Asia (excl. China and India),1921,95531650
Asia (excl. China and India),1922,104406904
Asia (excl. China and India),1923,114724290
Asia (excl. China and India),1924,123810520
Asia (excl. China and India),1925,129409624
Asia (excl. China and India),1926,135218080
Asia (excl. China and India),1927,149113760
Asia (excl. China and India),1928,160745920
Asia (excl. China and India),1929,168373020
Asia (excl. China and India),1930,165985730
Asia (excl. China and India),1931,157946030
Asia (excl. China and India),1932,162393010
Asia (excl. China and India),1933,183512930
Asia (excl. China and India),1934,207648240
Asia (excl. China and India),1935,223261000
Asia (excl. China and India),1936,248025280
Asia (excl. China and India),1937,269489100
Asia (excl. China and India),1938,283014620
Asia (excl. China and India),1939,295139230
Asia (excl. China and India),1940,328737630
Asia (excl. China and India),1941,310860740
Asia (excl. China and India),1942,266271280
Asia (excl. China and India),1943,284486620
Asia (excl. China and India),1944,289891200
Asia (excl. China and India),1945,219363090
Asia (excl. China and India),1946,227322140
Asia (excl. China and India),1947,285419070
Asia (excl. China and India),1948,292420100
Asia (excl. China and India),1949,340329760
Asia (excl. China and India),1950,335238620
Asia (excl. China and India),1951,288908030
Asia (excl. China and India),1952,309272700
Asia (excl. China and India),1953,337764960
Asia (excl. China and India),1954,358744100
Asia (excl. China and India),1955,405476930
Asia (excl. China and India),1956,451799520
Asia (excl. China and India),1957,496109470
Asia (excl. China and India),1958,517488130
Asia (excl. China and India),1959,552019460
Asia (excl. China and India),1960,628281340
Asia (excl. China and India),1961,702221500
Asia (excl. China and India),1962,750088450
Asia (excl. China and India),1963,823586940
Asia (excl. China and India),1964,906937900
Asia (excl. China and India),1965,995495040
Asia (excl. China and India),1966,1087809500
Asia (excl. China and India),1967,1204830500
Asia (excl. China and India),1968,1345892600
Asia (excl. China and India),1969,1503810400
Asia (excl. China and India),1970,1706430700
Asia (excl. China and India),1971,1849265900
Asia (excl. China and India),1972,1948726000
Asia (excl. China and India),1973,2134350500
Asia (excl. China and India),1974,2167434500
Asia (excl. China and India),1975,2159383800
Asia (excl. China and India),1976,2330578000
Asia (excl. China and India),1977,2446620700
Asia (excl. China and India),1978,2471630600
Asia (excl. China and India),1979,2599240400
Asia (excl. China and India),1980,2609741800
Asia (excl. China and India),1981,2578041300
Asia (excl. China and India),1982,2587171600
Asia (excl. China and India),1983,2654758000
Asia (excl. China and India),1984,2768970000
Asia (excl. China and India),1985,2870927000
Asia (excl. China and India),1986,2962248400
Asia (excl. China and India),1987,3019058700
Asia (excl. China and India),1988,3276920800
Asia (excl. China and India),1989,3406161700
Asia (excl. China and India),1990,3548373200
Asia (excl. China and India),1991,4193237500
Asia (excl. China and India),1992,3870724400
Asia (excl. China and India),1993,3990298600
Asia (excl. China and India),1994,4104377300
Asia (excl. China and India),1995,4122433800
Asia (excl. China and India),1996,4244572700
Asia (excl. China and India),1997,4318886000
Asia (excl. China and India),1998,4182121200
Asia (excl. China and India),1999,4376588000
Asia (excl. China and India),2000,4677820000
Asia (excl. China and India),2001,4750128000
Asia (excl. China and India),2002,4877156400
Asia (excl. China and India),2003,5107286000
Asia (excl. China and India),2004,5334124500
Asia (excl. China and India),2005,5463860700
Asia (excl. China and India),2006,5619656000
Asia (excl. China and India),2007,5741412000
Asia (excl. China and India),2008,5861766000
Asia (excl. China and India),2009,5870681000
Asia (excl. China and India),2010,6243581400
Asia (excl. China and India),2011,6445176300
Asia (excl. China and India),2012,6725019600
Asia (excl. China and India),2013,6727270000
Asia (excl. China and India),2014,6882599400
Asia (excl. China and India),2015,7069196300
Asia (excl. China and India),2016,7155110400
Asia (excl. China and India),2017,7393669600
Asia (excl. China and India),2018,7483390000
Asia (excl. China and India),2019,7527042000
Asia (excl. China and India),2020,7288521000
Asia (excl. China and India),2021,7506934300
Europe (excl. EU-27),1750,9350528
Europe (excl. EU-27),1751,9350528
Europe (excl. EU-27),1752,9354192
Europe (excl. EU-27),1753,9354192
Europe (excl. EU-27),1754,9357856
Europe (excl. EU-27),1755,9361520
Europe (excl. EU-27),1756,10006384
Europe (excl. EU-27),1757,10010048
Europe (excl. EU-27),1758,10013712
Europe (excl. EU-27),1759,10017376
Europe (excl. EU-27),1760,10017376
Europe (excl. EU-27),1761,10973680
Europe (excl. EU-27),1762,10977344
Europe (excl. EU-27),1763,10981008
Europe (excl. EU-27),1764,10984672
Europe (excl. EU-27),1765,10988336
Europe (excl. EU-27),1766,12259744
Europe (excl. EU-27),1767,12263408
Europe (excl. EU-27),1768,12267072
Europe (excl. EU-27),1769,12270736
Europe (excl. EU-27),1770,12274400
Europe (excl. EU-27),1771,13611760
Europe (excl. EU-27),1772,13615424
Europe (excl. EU-27),1773,13619088
Europe (excl. EU-27),1774,13622752
Europe (excl. EU-27),1775,13626416
Europe (excl. EU-27),1776,15037056
Europe (excl. EU-27),1777,15040720
Europe (excl. EU-27),1778,15044384
Europe (excl. EU-27),1779,15048048
Europe (excl. EU-27),1780,15055376
Europe (excl. EU-27),1781,16843408
Europe (excl. EU-27),1782,16847072
Europe (excl. EU-27),1783,16854400
Europe (excl. EU-27),1784,16858064
Europe (excl. EU-27),1785,16865392
Europe (excl. EU-27),1786,19148064
Europe (excl. EU-27),1787,19155392
Europe (excl. EU-27),1788,19159056
Europe (excl. EU-27),1789,19166384
Europe (excl. EU-27),1790,19173712
Europe (excl. EU-27),1791,21416080
Europe (excl. EU-27),1792,21423408
Europe (excl. EU-27),1793,21430736
Europe (excl. EU-27),1794,21434400
Europe (excl. EU-27),1795,21441728
Europe (excl. EU-27),1796,22412688
Europe (excl. EU-27),1797,23541200
Europe (excl. EU-27),1798,24515824
Europe (excl. EU-27),1799,25798224
Europe (excl. EU-27),1800,26633616
Europe (excl. EU-27),1801,26710560
Europe (excl. EU-27),1802,26849792
Europe (excl. EU-27),1803,30191360
Europe (excl. EU-27),1804,30330592
Europe (excl. EU-27),1805,31462768
Europe (excl. EU-27),1806,33250802
Europe (excl. EU-27),1807,33258130
Europe (excl. EU-27),1808,33269120
Europe (excl. EU-27),1809,33280114
Europe (excl. EU-27),1810,33291104
Europe (excl. EU-27),1811,35562784
Europe (excl. EU-27),1812,36936784
Europe (excl. EU-27),1813,37376464
Europe (excl. EU-27),1814,38087280
Europe (excl. EU-27),1815,38922670
Europe (excl. EU-27),1816,41436176
Europe (excl. EU-27),1817,41923490
Europe (excl. EU-27),1818,42022416
Europe (excl. EU-27),1819,42337520
Europe (excl. EU-27),1820,42528050
Europe (excl. EU-27),1821,42872464
Europe (excl. EU-27),1822,44521264
Europe (excl. EU-27),1823,46873550
Europe (excl. EU-27),1824,49082944
Europe (excl. EU-27),1825,49592240
Europe (excl. EU-27),1826,50145504
Europe (excl. EU-27),1827,52230320
Europe (excl. EU-27),1828,52589390
Europe (excl. EU-27),1829,53347840
Europe (excl. EU-27),1830,67887384
Europe (excl. EU-27),1831,65787340
Europe (excl. EU-27),1832,65601624
Europe (excl. EU-27),1833,65509452
Europe (excl. EU-27),1834,65537972
Europe (excl. EU-27),1835,65277824
Europe (excl. EU-27),1836,76464020
Europe (excl. EU-27),1837,73796620
Europe (excl. EU-27),1838,75863120
Europe (excl. EU-27),1839,77819700
Europe (excl. EU-27),1840,81003710
Europe (excl. EU-27),1841,81897730
Europe (excl. EU-27),1842,85444480
Europe (excl. EU-27),1843,89156110
Europe (excl. EU-27),1844,93538260
Europe (excl. EU-27),1845,100085820
Europe (excl. EU-27),1846,95791620
Europe (excl. EU-27),1847,103650900
Europe (excl. EU-27),1848,109418030
Europe (excl. EU-27),1849,116112160
Europe (excl. EU-27),1850,122839790
Europe (excl. EU-27),1851,116804660
Europe (excl. EU-27),1852,116390620
Europe (excl. EU-27),1853,115764080
Europe (excl. EU-27),1854,139536110
Europe (excl. EU-27),1855,130989010
Europe (excl. EU-27),1856,140679280
Europe (excl. EU-27),1857,138165780
Europe (excl. EU-27),1858,135935580
Europe (excl. EU-27),1859,150975380
Europe (excl. EU-27),1860,169159630
Europe (excl. EU-27),1861,176627470
Europe (excl. EU-27),1862,170965150
Europe (excl. EU-27),1863,181742560
Europe (excl. EU-27),1864,195730860
Europe (excl. EU-27),1865,207392370
Europe (excl. EU-27),1866,215264430
Europe (excl. EU-27),1867,221334260
Europe (excl. EU-27),1868,216841140
Europe (excl. EU-27),1869,228012300
Europe (excl. EU-27),1870,233288460
Europe (excl. EU-27),1871,248168130
Europe (excl. EU-27),1872,261446640
Europe (excl. EU-27),1873,270804860
Europe (excl. EU-27),1874,264330400
Europe (excl. EU-27),1875,279728450
Europe (excl. EU-27),1876,280788500
Europe (excl. EU-27),1877,286058530
Europe (excl. EU-27),1878,283248200
Europe (excl. EU-27),1879,285322020
Europe (excl. EU-27),1880,311876860
Europe (excl. EU-27),1881,327632220
Europe (excl. EU-27),1882,331235140
Europe (excl. EU-27),1883,346107500
Europe (excl. EU-27),1884,337791700
Europe (excl. EU-27),1885,335663230
Europe (excl. EU-27),1886,333204130
Europe (excl. EU-27),1887,342312960
Europe (excl. EU-27),1888,356122000
Europe (excl. EU-27),1889,369987260
Europe (excl. EU-27),1890,380914880
Europe (excl. EU-27),1891,391667600
Europe (excl. EU-27),1892,385685820
Europe (excl. EU-27),1893,352942400
Europe (excl. EU-27),1894,400692770
Europe (excl. EU-27),1895,409301540
Europe (excl. EU-27),1896,420851100
Europe (excl. EU-27),1897,437077860
Europe (excl. EU-27),1898,443648400
Europe (excl. EU-27),1899,480147800
Europe (excl. EU-27),1900,493582050
Europe (excl. EU-27),1901,485534270
Europe (excl. EU-27),1902,499608100
Europe (excl. EU-27),1903,502063230
Europe (excl. EU-27),1904,511249630
Europe (excl. EU-27),1905,509902400
Europe (excl. EU-27),1906,535050400
Europe (excl. EU-27),1907,565314800
Europe (excl. EU-27),1908,555199360
Europe (excl. EU-27),1909,563826750
Europe (excl. EU-27),1910,565758700
Europe (excl. EU-27),1911,581409340
Europe (excl. EU-27),1912,568114940
Europe (excl. EU-27),1913,621213000
Europe (excl. EU-27),1914,592960640
Europe (excl. EU-27),1915,592806300
Europe (excl. EU-27),1916,615058400
Europe (excl. EU-27),1917,595082240
Europe (excl. EU-27),1918,510668600
Europe (excl. EU-27),1919,496872960
Europe (excl. EU-27),1920,512296100
Europe (excl. EU-27),1921,359051780
Europe (excl. EU-27),1922,479859520
Europe (excl. EU-27),1923,512375550
Europe (excl. EU-27),1924,541411000
Europe (excl. EU-27),1925,515141440
Europe (excl. EU-27),1926,330595870
Europe (excl. EU-27),1927,570942850
Europe (excl. EU-27),1928,551790500
Europe (excl. EU-27),1929,584719940
Europe (excl. EU-27),1930,598048800
Europe (excl. EU-27),1931,595115200
Europe (excl. EU-27),1932,598982460
Europe (excl. EU-27),1933,615670800
Europe (excl. EU-27),1934,689028350
Europe (excl. EU-27),1935,727238400
Europe (excl. EU-27),1936,793122370
Europe (excl. EU-27),1937,817203300
Europe (excl. EU-27),1938,814169700
Europe (excl. EU-27),1939,825652700
Europe (excl. EU-27),1940,908046460
Europe (excl. EU-27),1941,841960450
Europe (excl. EU-27),1942,675954400
Europe (excl. EU-27),1943,671579400
Europe (excl. EU-27),1944,748003700
Europe (excl. EU-27),1945,740904600
Europe (excl. EU-27),1946,809444800
Europe (excl. EU-27),1947,917125250
Europe (excl. EU-27),1948,960828400
Europe (excl. EU-27),1949,1031857860
Europe (excl. EU-27),1950,1105705600
Europe (excl. EU-27),1951,1200578000
Europe (excl. EU-27),1952,1227300500
Europe (excl. EU-27),1953,1276645600
Europe (excl. EU-27),1954,1358830500
Europe (excl. EU-27),1955,1490515500
Europe (excl. EU-27),1956,1578363600
Europe (excl. EU-27),1957,1667079200
Europe (excl. EU-27),1958,1721032800
Europe (excl. EU-27),1959,1772807300
Europe (excl. EU-27),1960,1865230600
Europe (excl. EU-27),1961,1910467200
Europe (excl. EU-27),1962,1982584800
Europe (excl. EU-27),1963,2097322600
Europe (excl. EU-27),1964,2195921700
Europe (excl. EU-27),1965,2305411000
Europe (excl. EU-27),1966,2395402200
Europe (excl. EU-27),1967,2447653400
Europe (excl. EU-27),1968,2519900000
Europe (excl. EU-27),1969,2621351700
Europe (excl. EU-27),1970,2763875800
Europe (excl. EU-27),1971,2898729200
Europe (excl. EU-27),1972,2997443000
Europe (excl. EU-27),1973,3116917000
Europe (excl. EU-27),1974,3154340400
Europe (excl. EU-27),1975,3266529500
Europe (excl. EU-27),1976,3365502200
Europe (excl. EU-27),1977,3460202800
Europe (excl. EU-27),1978,3562268000
Europe (excl. EU-27),1979,3632451300
Europe (excl. EU-27),1980,3672027600
Europe (excl. EU-27),1981,3604608000
Europe (excl. EU-27),1982,3636561700
Europe (excl. EU-27),1983,3685996000
Europe (excl. EU-27),1984,3701909500
Europe (excl. EU-27),1985,3968970200
Europe (excl. EU-27),1986,3998052900
Europe (excl. EU-27),1987,3985992700
Europe (excl. EU-27),1988,4067321900
Europe (excl. EU-27),1989,3995072300
Europe (excl. EU-27),1990,4167782400
Europe (excl. EU-27),1991,3933522000
Europe (excl. EU-27),1992,3420651800
Europe (excl. EU-27),1993,3199804200
Europe (excl. EU-27),1994,2858598000
Europe (excl. EU-27),1995,2789469200
Europe (excl. EU-27),1996,2752537600
Europe (excl. EU-27),1997,2613545500
Europe (excl. EU-27),1998,2597162500
Europe (excl. EU-27),1999,2568903700
Europe (excl. EU-27),2000,2556335600
Europe (excl. EU-27),2001,2626380000
Europe (excl. EU-27),2002,2592662800
Europe (excl. EU-27),2003,2654104600
Europe (excl. EU-27),2004,2675456800
Europe (excl. EU-27),2005,2685222100
Europe (excl. EU-27),2006,2774410200
Europe (excl. EU-27),2007,2766064000
Europe (excl. EU-27),2008,2775580700
Europe (excl. EU-27),2009,2556851000
Europe (excl. EU-27),2010,2686090200
Europe (excl. EU-27),2011,2711657000
Europe (excl. EU-27),2012,2734197200
Europe (excl. EU-27),2013,2658760700
Europe (excl. EU-27),2014,2564536600
Europe (excl. EU-27),2015,2513212400
Europe (excl. EU-27),2016,2499178200
Europe (excl. EU-27),2017,2507392500
Europe (excl. EU-27),2018,2554645200
Europe (excl. EU-27),2019,2520206800
Europe (excl. EU-27),2020,2389150200
Europe (excl. EU-27),2021,2513211400
European Union (27),1750,0
European Union (27),1751,0
European Union (27),1752,0
European Union (27),1753,0
European Union (27),1754,0
European Union (27),1755,0
European Union (27),1756,0
European Union (27),1757,0
European Union (27),1758,0
European Union (27),1759,0
European Union (27),1760,0
European Union (27),1761,0
European Union (27),1762,0
European Union (27),1763,0
European Union (27),1764,0
European Union (27),1765,0
European Union (27),1766,0
European Union (27),1767,0
European Union (27),1768,0
European Union (27),1769,0
European Union (27),1770,0
European Union (27),1771,0
European Union (27),1772,0
European Union (27),1773,0
European Union (27),1774,0
European Union (27),1775,0
European Union (27),1776,0
European Union (27),1777,0
European Union (27),1778,0
European Union (27),1779,0
European Union (27),1780,0
European Union (27),1781,0
European Union (27),1782,0
European Union (27),1783,0
European Union (27),1784,0
European Union (27),1785,0
European Union (27),1786,0
European Union (27),1787,0
European Union (27),1788,0
European Union (27),1789,0
European Union (27),1790,0
European Union (27),1791,0
European Union (27),1792,468992
European Union (27),1793,479984
European Union (27),1794,443344
European Union (27),1795,447008
European Union (27),1796,534944
European Union (27),1797,549600
European Union (27),1798,575248
European Union (27),1799,626544
European Union (27),1800,1201792
European Union (27),1801,978288
European Union (27),1802,9639984
European Union (27),1803,996608
European Union (27),1804,3642016
European Union (27),1805,1612160
European Union (27),1806,1458272
European Union (27),1807,3235312
European Union (27),1808,1399648
European Union (27),1809,1403312
European Union (27),1810,3667664
European Union (27),1811,3568736
European Union (27),1812,3583392
European Union (27),1813,3319584
European Union (27),1814,3477136
European Union (27),1815,3960784
European Union (27),1816,5561952
European Union (27),1817,6785728
European Union (27),1818,6837024
European Union (27),1819,6844352
European Union (27),1820,7364640
European Union (27),1821,7731040
European Union (27),1822,8075456
European Union (27),1823,8771616
European Union (27),1824,8423536
European Union (27),1825,10024704
European Union (27),1826,9955088
European Union (27),1827,12234096
European Union (27),1828,12450272
European Union (27),1829,11248480
European Union (27),1830,19141234
European Union (27),1831,16470277
European Union (27),1832,16481071
European Union (27),1833,17763570
European Union (27),1834,19562096
European Union (27),1835,20848160
European Union (27),1836,23577840
European Union (27),1837,25585712
European Union (27),1838,27146576
European Union (27),1839,28271424
European Union (27),1840,32049008
European Union (27),1841,34503890
European Union (27),1842,37138304
European Union (27),1843,35929184
European Union (27),1844,38574590
European Union (27),1845,43916704
European Union (27),1846,49266144
European Union (27),1847,53648290
European Union (27),1848,47573376
European Union (27),1849,49130576
European Union (27),1850,54189980
European Union (27),1851,57297630
European Union (27),1852,64284880
European Union (27),1853,71180530
European Union (27),1854,82319090
European Union (27),1855,90821590
European Union (27),1856,96396180
European Union (27),1857,100452220
European Union (27),1858,105866100
European Union (27),1859,103998260
European Union (27),1860,112653430
European Union (27),1861,123851930
European Union (27),1862,134075864
European Union (27),1863,139488590
European Union (27),1864,150897310
European Union (27),1865,163822800
European Union (27),1866,168329380
European Union (27),1867,180490240
European Union (27),1868,189353700
European Union (27),1869,197348370
European Union (27),1870,198126060
European Union (27),1871,211580450
European Union (27),1872,235092450
European Union (27),1873,251699740
European Union (27),1874,220222260
European Union (27),1875,254916110
European Union (27),1876,266346320
European Union (27),1877,259884240
European Union (27),1878,268510370
European Union (27),1879,284259170
European Union (27),1880,328858620
European Union (27),1881,330135680
European Union (27),1882,348957060
European Union (27),1883,372651940
European Union (27),1884,376345280
European Union (27),1885,380988300
European Union (27),1886,382774180
European Union (27),1887,400964740
European Union (27),1888,431375140
European Union (27),1889,454561470
European Union (27),1890,481647330
European Union (27),1891,501332060
European Union (27),1892,493622370
European Union (27),1893,501922200
European Union (27),1894,527209250
European Union (27),1895,543307700
European Union (27),1896,575295300
European Union (27),1897,608566700
European Union (27),1898,635495360
European Union (27),1899,669341760
European Union (27),1900,712147500
European Union (27),1901,709665600
European Union (27),1902,696453700
European Union (27),1903,743079550
European Union (27),1904,757158460
European Union (27),1905,795765060
European Union (27),1906,812349700
European Union (27),1907,927495700
European Union (27),1908,962024800
European Union (27),1909,955008300
European Union (27),1910,972855300
European Union (27),1911,992701800
European Union (27),1912,1064384300
European Union (27),1913,1146159700
European Union (27),1914,980973250
European Union (27),1915,900028860
European Union (27),1916,946093800
European Union (27),1917,938310800
European Union (27),1918,883435840
European Union (27),1919,686931300
European Union (27),1920,861413950
European Union (27),1921,894105540
European Union (27),1922,918057150
European Union (27),1923,823354600
European Union (27),1924,1000148200
European Union (27),1925,1011689340
European Union (27),1926,977886600
European Union (27),1927,1099317800
European Union (27),1928,1125129000
European Union (27),1929,1235667000
European Union (27),1930,1123318000
European Union (27),1931,1011688770
European Union (27),1932,894130800
European Union (27),1933,921803970
European Union (27),1934,993475000
European Union (27),1935,1039973250
European Union (27),1936,1083840900
European Union (27),1937,1219858600
European Union (27),1938,1232310700
European Union (27),1939,1269014000
European Union (27),1940,1320363300
European Union (27),1941,1301390700
European Union (27),1942,1320673800
European Union (27),1943,1331676800
European Union (27),1944,1141699100
European Union (27),1945,492908380
European Union (27),1946,847641540
European Union (27),1947,990720500
European Union (27),1948,1095370200
European Union (27),1949,1211111200
European Union (27),1950,1277788900
European Union (27),1951,1429828600
European Union (27),1952,1486894800
European Union (27),1953,1515071100
European Union (27),1954,1611436800
European Union (27),1955,1743445800
European Union (27),1956,1867169200
European Union (27),1957,1926502800
European Union (27),1958,1911014000
European Union (27),1959,1940773100
European Union (27),1960,2099258400
European Union (27),1961,2198862000
European Union (27),1962,2353763600
European Union (27),1963,2512045000
European Union (27),1964,2643220700
European Union (27),1965,2676032800
European Union (27),1966,2757552600
European Union (27),1967,2819160300
European Union (27),1968,2992386000
European Union (27),1969,3191020800
European Union (27),1970,3330374700
European Union (27),1971,3424248600
European Union (27),1972,3554534100
European Union (27),1973,3727650600
European Union (27),1974,3708448800
European Union (27),1975,3635789300
European Union (27),1976,3911562500
European Union (27),1977,3873114400
European Union (27),1978,4003606500
European Union (27),1979,4113083400
European Union (27),1980,4077515500
European Union (27),1981,3863343400
European Union (27),1982,3771501600
European Union (27),1983,3728520700
European Union (27),1984,3763602700
European Union (27),1985,3820610300
European Union (27),1986,3804491000
European Union (27),1987,3838355000
European Union (27),1988,3796328700
European Union (27),1989,3834247000
European Union (27),1990,3865491700
European Union (27),1991,3803036000
European Union (27),1992,3674375200
European Union (27),1993,3607042300
European Union (27),1994,3588561700
European Union (27),1995,3636726300
European Union (27),1996,3720684500
European Union (27),1997,3654736000
European Union (27),1998,3645694000
European Union (27),1999,3590544000
European Union (27),2000,3602431500
European Union (27),2001,3659970300
European Union (27),2002,3661412000
European Union (27),2003,3744551200
European Union (27),2004,3755608000
European Union (27),2005,3735896600
European Union (27),2006,3745673700
European Union (27),2007,3710596400
European Union (27),2008,3627085300
European Union (27),2009,3332201500
European Union (27),2010,3432635000
European Union (27),2011,3332923000
European Union (27),2012,3260143400
European Union (27),2013,3177124600
European Union (27),2014,3040193300
European Union (27),2015,3092724500
European Union (27),2016,3099745500
European Union (27),2017,3123227100
European Union (27),2018,3049198800
European Union (27),2019,2906417000
European Union (27),2020,2621796400
European Union (27),2021,2793016300
India,1750,0
India,1751,0
India,1752,0
India,1753,0
India,1754,0
India,1755,0
India,1756,0
India,1757,0
India,1758,0
India,1759,0
India,1760,0
India,1761,0
India,1762,0
India,1763,0
India,1764,0
India,1765,0
India,1766,0
India,1767,0
India,1768,0
India,1769,0
India,1770,0
India,1771,0
India,1772,0
India,1773,0
India,1774,0
India,1775,0
India,1776,0
India,1777,0
India,1778,0
India,1779,0
India,1780,0
India,1781,0
India,1782,0
India,1783,0
India,1784,0
India,1785,0
India,1786,0
India,1787,0
India,1788,0
India,1789,0
India,1790,0
India,1791,0
India,1792,0
India,1793,0
India,1794,0
India,1795,0
India,1796,0
India,1797,0
India,1798,0
India,1799,0
India,1800,0
India,1801,0
India,1802,0
India,1803,0
India,1804,0
India,1805,0
India,1806,0
India,1807,0
India,1808,0
India,1809,0
India,1810,0
India,1811,0
India,1812,0
India,1813,0
India,1814,0
India,1815,0
India,1816,0
India,1817,0
India,1818,0
India,1819,0
India,1820,0
India,1821,0
India,1822,0
India,1823,0
India,1824,0
India,1825,0
India,1826,0
India,1827,0
India,1828,0
India,1829,0
India,1830,0
India,1831,0
India,1832,0
India,1833,0
India,1834,0
India,1835,0
India,1836,0
India,1837,0
India,1838,0
India,1839,0
India,1840,0
India,1841,0
India,1842,0
India,1843,0
India,1844,0
India,1845,0
India,1846,0
India,1847,0
India,1848,0
India,1849,0
India,1850,0
India,1851,0
India,1852,0
India,1853,0
India,1854,0
India,1855,0
India,1856,0
India,1857,0
India,1858,394488
India,1859,636486
India,1860,643116
India,1861,497254
India,1862,550295
India,1863,609965
India,1864,576815
India,1865,566870
India,1866,639801
India,1867,0
India,1868,0
India,1869,0
India,1870,0
India,1871,0
India,1872,0
India,1873,0
India,1874,0
India,1875,0
India,1876,0
India,1877,0
India,1878,1766911
India,1879,1684384
India,1880,1886776
India,1881,1839335
India,1882,2196295
India,1883,2440909
India,1884,2730015
India,1885,2459404
India,1886,2772064
India,1887,3066019
India,1888,3409556
India,1889,4021832
India,1890,4431674
India,1891,4772425
India,1892,5247296
India,1893,5543195
India,1894,5616710
India,1895,7034711
India,1896,7608035
India,1897,8253381.5
India,1898,9125196
India,1899,10054490
India,1900,11929576
India,1901,13179692
India,1902,14515440
India,1903,14802139
India,1904,16561026
India,1905,16930738
India,1906,19549438
India,1907,21772426
India,1908,24908272
India,1909,24142678
India,1910,23487344
India,1911,24782474
India,1912,28521480
India,1913,31466798
India,1914,31698182
India,1915,33141762
India,1916,33517548
India,1917,35019810
India,1918,39359360
India,1919,42974810
India,1920,34868020
India,1921,37505560
India,1922,36903416
India,1923,37971936
India,1924,40628000
India,1925,40084972
India,1926,39942630
India,1927,41883844
India,1928,40073010
India,1929,41707932
India,1930,42399550
India,1931,38851076
India,1932,36129520
India,1933,35467388
India,1934,39611080
India,1935,41393252
India,1936,40684530
India,1937,45067340
India,1938,50379724
India,1939,49312292
India,1940,52309590
India,1941,53581170
India,1942,53529604
India,1943,46644484
India,1944,47696050
India,1945,52874104
India,1946,52225064
India,1947,53180348
India,1948,53204148
India,1949,56187910
India,1950,61102630
India,1951,64022190
India,1952,67426220
India,1953,68704904
India,1954,72413710
India,1955,78787820
India,1956,81656450
India,1957,91635460
India,1958,95815880
India,1959,101447370
India,1960,111325176
India,1961,120404400
India,1962,132581680
India,1963,142444290
India,1964,139488400
India,1965,153702100
India,1966,159373570
India,1967,159556000
India,1968,174069500
India,1969,177413540
India,1970,181722820
India,1971,191963860
India,1972,203036160
India,1973,209095230
India,1974,215853380
India,1975,234209330
India,1976,244749580
India,1977,258961970
India,1978,263149780
India,1979,276284960
India,1980,291711360
India,1981,314966460
India,1982,325380320
India,1983,352199170
India,1984,361559740
India,1985,397592480
India,1986,426309760
India,1987,455343460
India,1988,491692600
India,1989,540651500
India,1990,577996540
India,1991,615365500
India,1992,655447550
India,1993,677299800
India,1994,716268600
India,1995,761449200
India,1996,825200830
India,1997,858935100
India,1998,876952060
India,1999,950950850
India,2000,978103800
India,2001,991731700
India,2002,1022175200
India,2003,1058725300
India,2004,1124517800
India,2005,1184926500
India,2006,1258643300
India,2007,1356953100
India,2008,1461518300
India,2009,1611416200
India,2010,1676495000
India,2011,1778472600
India,2012,1962594300
India,2013,2037415600
India,2014,2187343000
India,2015,2270766000
India,2016,2383816000
India,2017,2434868000
India,2018,2600446500
India,2019,2626459400
India,2020,2445012000
India,2021,2709683700
North America (excl. USA),1750,0
North America (excl. USA),1751,0
North America (excl. USA),1752,0
North America (excl. USA),1753,0
North America (excl. USA),1754,0
North America (excl. USA),1755,0
North America (excl. USA),1756,0
North America (excl. USA),1757,0
North America (excl. USA),1758,0
North America (excl. USA),1759,0
North America (excl. USA),1760,0
North America (excl. USA),1761,0
North America (excl. USA),1762,0
North America (excl. USA),1763,0
North America (excl. USA),1764,0
North America (excl. USA),1765,0
North America (excl. USA),1766,0
North America (excl. USA),1767,0
North America (excl. USA),1768,0
North America (excl. USA),1769,0
North America (excl. USA),1770,0
North America (excl. USA),1771,0
North America (excl. USA),1772,0
North America (excl. USA),1773,0
North America (excl. USA),1774,0
North America (excl. USA),1775,0
North America (excl. USA),1776,0
North America (excl. USA),1777,0
North America (excl. USA),1778,0
North America (excl. USA),1779,0
North America (excl. USA),1780,0
North America (excl. USA),1781,0
North America (excl. USA),1782,0
North America (excl. USA),1783,0
North America (excl. USA),1784,0
North America (excl. USA),1785,3664
North America (excl. USA),1786,3664
North America (excl. USA),1787,3664
North America (excl. USA),1788,3664
North America (excl. USA),1789,3664
North America (excl. USA),1790,3664
North America (excl. USA),1791,3664
North America (excl. USA),1792,3664
North America (excl. USA),1793,3664
North America (excl. USA),1794,3664
North America (excl. USA),1795,3664
North America (excl. USA),1796,3664
North America (excl. USA),1797,3664
North America (excl. USA),1798,3664
North America (excl. USA),1799,3664
North America (excl. USA),1800,3664
North America (excl. USA),1801,3664
North America (excl. USA),1802,3664
North America (excl. USA),1803,3664
North America (excl. USA),1804,3664
North America (excl. USA),1805,3664
North America (excl. USA),1806,3664
North America (excl. USA),1807,3664
North America (excl. USA),1808,3664
North America (excl. USA),1809,3664
North America (excl. USA),1810,3664
North America (excl. USA),1811,3664
North America (excl. USA),1812,3664
North America (excl. USA),1813,3664
North America (excl. USA),1814,3664
North America (excl. USA),1815,3664
North America (excl. USA),1816,3664
North America (excl. USA),1817,3664
North America (excl. USA),1818,3664
North America (excl. USA),1819,3664
North America (excl. USA),1820,3664
North America (excl. USA),1821,3664
North America (excl. USA),1822,3664
North America (excl. USA),1823,3664
North America (excl. USA),1824,3664
North America (excl. USA),1825,3664
North America (excl. USA),1826,3664
North America (excl. USA),1827,3664
North America (excl. USA),1828,3664
North America (excl. USA),1829,3664
North America (excl. USA),1830,3664
North America (excl. USA),1831,3664
North America (excl. USA),1832,3664
North America (excl. USA),1833,3664
North America (excl. USA),1834,3664
North America (excl. USA),1835,3664
North America (excl. USA),1836,3664
North America (excl. USA),1837,3664
North America (excl. USA),1838,3664
North America (excl. USA),1839,3664
North America (excl. USA),1840,3664
North America (excl. USA),1841,3664
North America (excl. USA),1842,3664
North America (excl. USA),1843,3664
North America (excl. USA),1844,3664
North America (excl. USA),1845,3664
North America (excl. USA),1846,25648
North America (excl. USA),1847,32976
North America (excl. USA),1848,40304
North America (excl. USA),1849,47632
North America (excl. USA),1850,58624
North America (excl. USA),1851,69616
North America (excl. USA),1852,84272
North America (excl. USA),1853,102592
North America (excl. USA),1854,124576
North America (excl. USA),1855,150224
North America (excl. USA),1856,179536
North America (excl. USA),1857,216176
North America (excl. USA),1858,263808
North America (excl. USA),1859,315104
North America (excl. USA),1860,381056
North America (excl. USA),1861,458000
North America (excl. USA),1862,560592
North America (excl. USA),1863,703488
North America (excl. USA),1864,842720
North America (excl. USA),1865,1018592
North America (excl. USA),1866,1242096
North America (excl. USA),1867,1593840
North America (excl. USA),1868,945312
North America (excl. USA),1869,685168
North America (excl. USA),1870,1223776
North America (excl. USA),1871,1780704
North America (excl. USA),1872,1846656
North America (excl. USA),1873,1608496
North America (excl. USA),1874,1623152
North America (excl. USA),1875,1875968
North America (excl. USA),1876,1857648
North America (excl. USA),1877,2022527.9
North America (excl. USA),1878,1934592
North America (excl. USA),1879,2183744
North America (excl. USA),1880,5232192
North America (excl. USA),1881,5591264
North America (excl. USA),1882,6617184
North America (excl. USA),1883,7430592
North America (excl. USA),1884,8599408
North America (excl. USA),1885,8244000.5
North America (excl. USA),1886,8797264
North America (excl. USA),1887,10149280
North America (excl. USA),1888,13311312
North America (excl. USA),1889,11292448
North America (excl. USA),1890,12413632
North America (excl. USA),1891,14461808
North America (excl. USA),1892,14469136
North America (excl. USA),1893,15385136
North America (excl. USA),1894,14718288
North America (excl. USA),1895,14025792
North America (excl. USA),1896,15227584
North America (excl. USA),1897,15487728
North America (excl. USA),1898,16444032
North America (excl. USA),1899,19924832
North America (excl. USA),1900,21628592
North America (excl. USA),1901,25157024
North America (excl. USA),1902,27073296
North America (excl. USA),1903,29517184
North America (excl. USA),1904,34815330
North America (excl. USA),1905,37094336
North America (excl. USA),1906,39307390
North America (excl. USA),1907,49255150
North America (excl. USA),1908,51178750
North America (excl. USA),1909,49104930
North America (excl. USA),1910,55843024
North America (excl. USA),1911,68795260
North America (excl. USA),1912,76101280
North America (excl. USA),1913,91248260
North America (excl. USA),1914,78812640
North America (excl. USA),1915,75764190
North America (excl. USA),1916,94054880
North America (excl. USA),1917,111902220
North America (excl. USA),1918,120930320
North America (excl. USA),1919,117823250
North America (excl. USA),1920,161692320
North America (excl. USA),1921,171771980
North America (excl. USA),1922,155741980
North America (excl. USA),1923,166228350
North America (excl. USA),1924,146911740
North America (excl. USA),1925,134278270
North America (excl. USA),1926,132000400
North America (excl. USA),1927,126535780
North America (excl. USA),1928,122577250
North America (excl. USA),1929,126628990
North America (excl. USA),1930,120791256
North America (excl. USA),1931,97681736
North America (excl. USA),1932,91618264
North America (excl. USA),1933,92390900
North America (excl. USA),1934,105905150
North America (excl. USA),1935,107909070
North America (excl. USA),1936,116688980
North America (excl. USA),1937,128930220
North America (excl. USA),1938,121722660
North America (excl. USA),1939,130460400
North America (excl. USA),1940,145262560
North America (excl. USA),1941,155970560
North America (excl. USA),1942,162729200
North America (excl. USA),1943,170587300
North America (excl. USA),1944,175281300
North America (excl. USA),1945,168791870
North America (excl. USA),1946,180216860
North America (excl. USA),1947,190847200
North America (excl. USA),1948,207768020
North America (excl. USA),1949,187993800
North America (excl. USA),1950,203292770
North America (excl. USA),1951,222073340
North America (excl. USA),1952,217095780
North America (excl. USA),1953,219090140
North America (excl. USA),1954,228890610
North America (excl. USA),1955,237878140
North America (excl. USA),1956,264210620
North America (excl. USA),1957,267649400
North America (excl. USA),1958,275742500
North America (excl. USA),1959,283146600
North America (excl. USA),1960,291974180
North America (excl. USA),1961,297653860
North America (excl. USA),1962,315658620
North America (excl. USA),1963,315996930
North America (excl. USA),1964,356920500
North America (excl. USA),1965,372098750
North America (excl. USA),1966,385067740
North America (excl. USA),1967,421708640
North America (excl. USA),1968,448665660
North America (excl. USA),1969,466754200
North America (excl. USA),1970,522947330
North America (excl. USA),1971,550828800
North America (excl. USA),1972,589318900
North America (excl. USA),1973,612299700
North America (excl. USA),1974,630465540
North America (excl. USA),1975,649930100
North America (excl. USA),1976,686997440
North America (excl. USA),1977,701630400
North America (excl. USA),1978,735848450
North America (excl. USA),1979,784000500
North America (excl. USA),1980,812742600
North America (excl. USA),1981,809348000
North America (excl. USA),1982,816549760
North America (excl. USA),1983,774350340
North America (excl. USA),1984,799922940
North America (excl. USA),1985,812797200
North America (excl. USA),1986,786920640
North America (excl. USA),1987,831021950
North America (excl. USA),1988,855818700
North America (excl. USA),1989,886173760
North America (excl. USA),1990,871434050
North America (excl. USA),1991,875212800
North America (excl. USA),1992,890175550
North America (excl. USA),1993,897045060
North America (excl. USA),1994,930045000
North America (excl. USA),1995,929728640
North America (excl. USA),1996,966366000
North America (excl. USA),1997,1009317000
North America (excl. USA),1998,1035708500
North America (excl. USA),1999,1057639740
North America (excl. USA),2000,1097527400
North America (excl. USA),2001,1109624600
North America (excl. USA),2002,1120893200
North America (excl. USA),2003,1171127600
North America (excl. USA),2004,1167688100
North America (excl. USA),2005,1194622800
North America (excl. USA),2006,1210704900
North America (excl. USA),2007,1244044500
North America (excl. USA),2008,1241570800
North America (excl. USA),2009,1190095200
North America (excl. USA),2010,1197941400
North America (excl. USA),2011,1228821600
North America (excl. USA),2012,1246537200
North America (excl. USA),2013,1245626200
North America (excl. USA),2014,1234207500
North America (excl. USA),2015,1240785400
North America (excl. USA),2016,1221472500
North America (excl. USA),2017,1214823600
North America (excl. USA),2018,1237907300
North America (excl. USA),2019,1241705600
North America (excl. USA),2020,1089928200
North America (excl. USA),2021,1130564000
South America,1750,0
South America,1751,0
South America,1752,0
South America,1753,0
South America,1754,0
South America,1755,0
South America,1756,0
South America,1757,0
South America,1758,0
South America,1759,0
South America,1760,0
South America,1761,0
South America,1762,0
South America,1763,0
South America,1764,0
South America,1765,0
South America,1766,0
South America,1767,0
South America,1768,0
South America,1769,0
South America,1770,0
South America,1771,0
South America,1772,0
South America,1773,0
South America,1774,0
South America,1775,0
South America,1776,0
South America,1777,0
South America,1778,0
South America,1779,0
South America,1780,0
South America,1781,0
South America,1782,0
South America,1783,0
South America,1784,0
South America,1785,0
South America,1786,0
South America,1787,0
South America,1788,0
South America,1789,0
South America,1790,0
South America,1791,0
South America,1792,0
South America,1793,0
South America,1794,0
South America,1795,0
South America,1796,0
South America,1797,0
South America,1798,0
South America,1799,0
South America,1800,0
South America,1801,0
South America,1802,0
South America,1803,0
South America,1804,0
South America,1805,0
South America,1806,0
South America,1807,0
South America,1808,0
South America,1809,0
South America,1810,0
South America,1811,0
South America,1812,0
South America,1813,0
South America,1814,0
South America,1815,0
South America,1816,0
South America,1817,0
South America,1818,0
South America,1819,0
South America,1820,0
South America,1821,0
South America,1822,0
South America,1823,0
South America,1824,0
South America,1825,0
South America,1826,0
South America,1827,0
South America,1828,0
South America,1829,0
South America,1830,0
South America,1831,0
South America,1832,0
South America,1833,0
South America,1834,0
South America,1835,0
South America,1836,0
South America,1837,0
South America,1838,0
South America,1839,0
South America,1840,0
South America,1841,0
South America,1842,0
South America,1843,0
South America,1844,0
South America,1845,0
South America,1846,0
South America,1847,0
South America,1848,0
South America,1849,0
South America,1850,0
South America,1851,0
South America,1852,0
South America,1853,0
South America,1854,0
South America,1855,0
South America,1856,0
South America,1857,0
South America,1858,0
South America,1859,0
South America,1860,0
South America,1861,0
South America,1862,0
South America,1863,0
South America,1864,0
South America,1865,0
South America,1866,0
South America,1867,0
South America,1868,0
South America,1869,0
South America,1870,0
South America,1871,0
South America,1872,0
South America,1873,0
South America,1874,0
South America,1875,0
South America,1876,0
South America,1877,0
South America,1878,0
South America,1879,0
South America,1880,0
South America,1881,0
South America,1882,0
South America,1883,0
South America,1884,3664
South America,1885,3664
South America,1886,7328
South America,1887,1091872
South America,1888,897680
South America,1889,1762384
South America,1890,1381328
South America,1891,985616
South America,1892,1450944
South America,1893,1601168
South America,1894,2033520
South America,1895,2828608
South America,1896,2879904
South America,1897,2758992
South America,1898,3176688
South America,1899,3715296
South America,1900,3165696
South America,1901,6401008
South America,1902,7379296
South America,1903,7676080
South America,1904,8665360
South America,1905,9211296
South America,1906,12329360
South America,1907,12684768
South America,1908,14886832
South America,1909,13406576
South America,1910,17246448
South America,1911,19162720
South America,1912,19990784
South America,1913,21122960
South America,1914,17195152
South America,1915,15088352
South America,1916,13619088
South America,1917,10867424
South America,1918,10999328
South America,1919,12900944
South America,1920,14641344
South America,1921,14428832
South America,1922,17162176
South America,1923,19759952
South America,1924,24332624
South America,1925,26384464
South America,1926,27381072
South America,1927,30081440
South America,1928,31427830
South America,1929,34424330
South America,1930,29122492
South America,1931,25545738
South America,1932,28960146
South America,1933,32898528
South America,1934,37257450
South America,1935,41081412
South America,1936,39596510
South America,1937,50161732
South America,1938,46272796
South America,1939,47060380
South America,1940,50716700
South America,1941,50752570
South America,1942,48166196
South America,1943,48569504
South America,1944,53866372
South America,1945,54137150
South America,1946,118776020
South America,1947,62107070
South America,1948,69504090
South America,1949,70824630
South America,1950,112577080
South America,1951,131287170
South America,1952,141474460
South America,1953,140642960
South America,1954,151056110
South America,1955,170080400
South America,1956,184182370
South America,1957,192917950
South America,1958,178754820
South America,1959,196996210
South America,1960,199162530
South America,1961,201765780
South America,1962,215624780
South America,1963,219363220
South America,1964,230116670
South America,1965,240054110
South America,1966,251936270
South America,1967,267277700
South America,1968,287533380
South America,1969,311131040
South America,1970,337687700
South America,1971,346378800
South America,1972,362353600
South America,1973,392424450
South America,1974,416231420
South America,1975,411325100
South America,1976,419089250
South America,1977,434580900
South America,1978,461793820
South America,1979,494202700
South America,1980,508002560
South America,1981,489327420
South America,1982,490539600
South America,1983,485664480
South America,1984,491320500
South America,1985,501639780
South America,1986,529491800
South America,1987,557024960
South America,1988,580028740
South America,1989,579498940
South America,1990,599903700
South America,1991,607538700
South America,1992,619454460
South America,1993,654170560
South America,1994,671660000
South America,1995,701795840
South America,1996,728112500
South America,1997,768431700
South America,1998,821017860
South America,1999,839313000
South America,2000,821225150
South America,2001,832130200
South America,2002,847045000
South America,2003,858202200
South America,2004,867598600
South America,2005,901994300
South America,2006,912942900
South America,2007,940783040
South America,2008,1007550700
South America,2009,991982200
South America,2010,1082467100
South America,2011,1104312700
South America,2012,1144498200
South America,2013,1209994200
South America,2014,1229192000
South America,2015,1193827100
South America,2016,1152787700
South America,2017,1125113000
South America,2018,1064608300
South America,2019,1073178300
South America,2020,981189700
South America,2021,1074998500
United States,1750,0
United States,1751,0
United States,1752,0
United States,1753,0
United States,1754,0
United States,1755,0
United States,1756,0
United States,1757,0
United States,1758,0
United States,1759,0
United States,1760,0
United States,1761,0
United States,1762,0
United States,1763,0
United States,1764,0
United States,1765,0
United States,1766,0
United States,1767,0
United States,1768,0
United States,1769,0
United States,1770,0
United States,1771,0
United States,1772,0
United States,1773,0
United States,1774,0
United States,1775,0
United States,1776,0
United States,1777,0
United States,1778,0
United States,1779,0
United States,1780,0
United States,1781,0
United States,1782,0
United States,1783,0
United States,1784,0
United States,1785,0
United States,1786,0
United States,1787,0
United States,1788,0
United States,1789,0
United States,1790,0
United States,1791,0
United States,1792,0
United States,1793,0
United States,1794,0
United States,1795,0
United States,1796,0
United States,1797,0
United States,1798,0
United States,1799,0
United States,1800,252815.98
United States,1801,267472
United States,1802,289456
United States,1803,296784
United States,1804,333424
United States,1805,340752
United States,1806,333424
United States,1807,377392
United States,1808,392048
United States,1809,403040
United States,1810,417696
United States,1811,447008
United States,1812,483648
United States,1813,520288
United States,1814,560592
United States,1815,600896
United States,1816,663184
United States,1817,718144
United States,1818,780432
United States,1819,762112
United States,1820,791424
United States,1821,828064
United States,1822,864704
United States,1823,901344
United States,1824,1014928
United States,1825,1135840
United States,1826,1315376
United States,1827,1447280
United States,1828,1593840
United States,1829,1795360
United States,1830,2088480
United States,1831,2264352
United States,1832,3022800
United States,1833,3528432
United States,1834,3381872
United States,1835,4316192
United States,1836,4730224
United States,1837,5305472
United States,1838,5030672
United States,1839,5517984
United States,1840,5873392
United States,1841,6214144
United States,1842,6917632
United States,1843,7764016
United States,1844,9306560
United States,1845,11204512
United States,1846,12710416
United States,1847,15070032
United States,1848,16784784
United States,1849,18221072
United States,1850,19792928
United States,1851,24633072
United States,1852,26791168
United States,1853,30162048
United States,1854,33159198
United States,1855,38160560
United States,1856,40036530
United States,1857,41055120
United States,1858,41648690
United States,1859,45320016
United States,1860,47437810
United States,1861,45679090
United States,1862,47448800
United States,1863,54809776
United States,1864,58656976
United States,1865,58821856
United States,1866,59232224
United States,1867,72865970
United States,1868,82352060
United States,1869,93695810
United States,1870,98620220
United States,1871,103020690
United States,1872,126305410
United States,1873,139506800
United States,1874,134296590
United States,1875,135747540
United States,1876,132820010
United States,1877,147175550
United States,1878,143903600
United States,1879,175468960
United States,1880,198684240
United States,1881,210192900
United States,1882,235393950
United States,1883,253882580
United States,1884,267589570
United States,1885,272162270
United States,1886,287463170
United States,1887,307380830
United States,1888,373875100
United States,1889,335542400
United States,1890,401747300
United States,1891,427424580
United States,1892,450449200
United States,1893,454094850
United States,1894,425050370
United States,1895,479948100
United States,1896,480882460
United States,1897,500287140
United States,1898,545321500
United States,1899,625534000
United States,1900,662738400
United States,1901,721527550
United States,1902,764495740
United States,1903,894406900
United States,1904,882057540
United States,1905,986482400
United States,1906,1035471170
United States,1907,1203861500
United States,1908,1052812860
United States,1909,1165706200
United States,1910,1271582100
United States,1911,1258666600
United States,1912,1343565600
United States,1913,1442542100
United States,1914,1317980300
United States,1915,1367697000
United States,1916,1518980700
United States,1917,1670970600
United States,1918,1747718100
United States,1919,1479158800
United States,1920,1738245800
United States,1921,1423668600
United States,1922,1435758300
United States,1923,1896735900
United States,1924,1698320300
United States,1925,1758185500
United States,1926,1906048500
United States,1927,1862839200
United States,1928,1830965000
United States,1929,1963506200
United States,1930,1744916200
United States,1931,1484959100
United States,1932,1257814100
United States,1933,1348876800
United States,1934,1436238600
United States,1935,1492320900
United States,1936,1713411700
United States,1937,1792609900
United States,1938,1515749900
United States,1939,1670920400
United States,1940,1874985100
United States,1941,2043585000
United States,1942,2198264800
United States,1943,2272059100
United States,1944,2444903700
United States,1945,2359551500
United States,1946,2257493800
United States,1947,2485854500
United States,1948,2582558700
United States,1949,2164862200
United States,1950,2541485300
United States,1951,2618711600
United States,1952,2551219500
United States,1953,2612971300
United States,1954,2489462300
United States,1955,2728512000
United States,1956,2859995000
United States,1957,2835772200
United States,1958,2747107600
United States,1959,2831923200
United States,1960,2897315000
United States,1961,2886872800
United States,1962,2993902000
United States,1963,3126487600
United States,1964,3264313600
United States,1965,3399547000
United States,1966,3571421400
United States,1967,3705461000
United States,1968,3840919600
United States,1969,4035145200
United States,1970,4339686000
United States,1971,4365465000
United States,1972,4573015000
United States,1973,4785048600
United States,1974,4621046000
United States,1975,4478226000
United States,1976,4747762000
United States,1977,4889607000
United States,1978,4941361700
United States,1979,5008578600
United States,1980,4808520700
United States,1981,4686369300
United States,1982,4447256000
United States,1983,4429374000
United States,1984,4662141400
United States,1985,4652580000
United States,1986,4663369700
United States,1987,4825650700
United States,1988,5050475500
United States,1989,5132134400
United States,1990,5122496000
United States,1991,5064987000
United States,1992,5175220000
United States,1993,5274363000
United States,1994,5365579000
United States,1995,5427798500
United States,1996,5616430600
United States,1997,5691864600
United States,1998,5737129500
United States,1999,5810331600
United States,2000,6016350700
United States,2001,5911988000
United States,2002,5952699000
United States,2003,6015804400
United States,2004,6117963000
United States,2005,6137603600
United States,2006,6057163300
United States,2007,6135287300
United States,2008,5918868500
United States,2009,5482978000
United States,2010,5681392000
United States,2011,5546629000
United States,2012,5345454000
United States,2013,5480926000
United States,2014,5528871000
United States,2015,5376578000
United States,2016,5251757600
United States,2017,5210957300
United States,2018,5376657400
United States,2019,5259144000
United States,2020,4715691000
United States,2021,5007336000
